Buffa_de_Baldrac_Buffa_de_Baldrac
Cab_e_Quinal_Cab_e_Quinal
Cab_e_Quinal_Fixed_Die
Daldosa_Daldosa
Doblet_Doblet
Dubblets_Dubblets
El_Mundo_El_Mundo
Emperador_Emperador
Fallas_Fallas
Kotra_Kotra
Laquet_Laquet
Los_Doze_Canes_Los_Doze_Canes
Medio_Emperador_Medio_Emperador
Pareia_de_Entrada_Pareia_de_Entrada
Paumecary_Paumecary
Quinze_Tablas_Quinze_Tablas
Seys_Dos_y_As_Seys_Dos_y_As
Shuanglu_Sheung-Luk
Ssang-Ryouk_Ssang-Ryouk
Tablas_Astronomias_Tablas_Astronomias
Tables_Rabbatuees_Dames_Rabbatuees
Todas_Tablas_Todas_Tables